system,connection_time_sec,index_creation_time_sec,total_rows,loading_time_sec,num_queries,num_matches,search_time_sec,search_api_latency_sec
Baseline (SentenceTransformer),-1,-1,42502,-1,5446,217840,0.7516801357269287,0.00013802426289513932
Redis-VSS,0.0024518966674804688,1.2639679908752441,42502,6.867945909500122,5446,54460,59.7538161277771,0.010972055844248457
Chroma,0.12882709503173828,0.006978034973144531,42502,14.50157904624939,5446,38122,5.782666921615601,0.0010618191189158282
LanceDB Async,0.008040189743041992,-1,42502,0.5163519382476807,5446,217840,30.716744899749756,0.24740482479870166
LanceDB Sync,0.0023441314697265625,-1,42502,0.5382859706878662,5446,217840,78.70381808280945,0.014451674271540479
Vertex AI,0.6971530914306641,-1,42502,-1,5446,217840,47.494186878204346,0.40577382778902665
