system,connection_time_sec,index_creation_time_sec,total_rows,loading_time_sec,num_queries,num_results,search_time_sec
Baseline (SentenceTransformer),-1,-1,42502,-1,5446,217840,0.6504349708557129
Redis-VSS,0.0020911693572998047,1.2610092163085938,42502,6.483744859695435,5446,54460,58.9636287689209
Chroma,0.10141706466674805,0.01914191246032715,42502,14.479291915893555,5446,38122,5.643364191055298
LanceDB,9.989738464355469e-05,-1,42502,0.4070718288421631,5446,217840,77.81794810295105
