system,connection_time_sec,index_creation_time_sec,total_rows,loading_time_sec,num_queries,num_results,search_time_sec
Baseline (SentenceTransformer),-1,-1,42502,-1,5446,217840,0.6260201930999756
Redis-VSS,0.005998134613037109,2.6370391845703125,42502,6.491675853729248,5446,54460,58.955759048461914
Chroma,0.09534525871276855,0.012151002883911133,42502,13.862339735031128,5446,38122,5.58469295501709
LanceDB,0.0004591941833496094,-1,42502,0.27298784255981445,5446,217840,28.832425832748413
