system,connection_time_sec,index_creation_time_sec,total_rows,loading_time_sec,num_queries,num_matches,search_time_sec,search_api_latency_sec
Baseline (SentenceTransformer),-1,-1,42502,-1,5446,217840,0.6774568557739258,0.00012439530954350456
Redis-VSS,0.002221822738647461,1.3285748958587646,42502,6.717517137527466,5446,54460,59.10081601142883,0.010852151305807719
Chroma,0.13298296928405762,0.02104926109313965,42502,14.015716791152954,5446,38122,5.44716215133667,0.0010002133953978462
LanceDB Async,0.006021738052368164,-1,42502,0.4611361026763916,5446,217840,32.33247113227844,0.05621998895847574
LanceDB Sync,0.001611948013305664,-1,42502,0.5708742141723633,5446,217840,75.17893576622009,0.013804431833679782
Vertex AI,0.6302521228790283,-1,42502,-1,5446,217840,49.45192074775696,0.4253539732836802
